{
  "data": {
    "TL": [
      12.334214723080459,
      13.908431248980605,
      15.566397084264118,
      16.830969497570923,
      17.506775199413095,
      17.705885726963114,
      18.182673260095626,
      19.78434334492173,
      22.390604858642508,
      23.869651792598283,
      28.109656134603952,
      37.93567031413176,
      46.038840636078106,
      50.78003149053021,
      56.14269724971935,
      60.558507229549214,
      67.08639190410597,
      68.85341077984589,
      77.66382991954877,
      83.98393307151446,
      86.80040104544715
    ],
    "ABS": [
      0.02439333017092426,
      0.03383466383491064,
      0.052932025950839554,
      0.09694129666120836,
      0.16720495981736155,
      0.24214747087317073,
      0.29289157747646527,
      0.2436123601899204,
      0.3778966233974207,
      0.2974345172784658,
      0.1791311006789003,
      0.2042247104768739,
      0.23755508719982887,
      0.28395818050492244,
      0.32859686879757233,
      0.37611226219329014,
      0.4234101163031393,
      0.46781420765654574,
      0.5149757986141407,
      0.5666289037628386,
      0.6180695775815493
    ],
    "Weight": 7.7012
  },
  "success": true
}